{"res": 3.14159265358979}
{"res": 0.0}
{"res": -1.7976931348623157e308}
{"res": 1.7976931348623157e308}
{"res": 2.2250738585072014e-308}
{"res": null}
