{"res": null}
{"res": -3.4028235e+38}
{"res": -2.5}
{"res": 0.0}
{"res": 3.14159}
{"res": 3.4028235e+38}
