{"res": null}
{"res": -1.7976931348623157e+308}
{"res": -2.5}
{"res": 0.0}
{"res": 3.141592653589793}
{"res": 1.7976931348623157e+308}
