{"idx": 0, "value": 0.0}
{"idx": 1, "value": 3.14}
{"idx": 2, "value": -3.14}
{"idx": 3, "value": 16777216}
{"idx": 4, "value": -16777216}
{"idx": 5, "value": 3.4028235e38}
{"idx": 6, "value": -3.4028235e38}
