{"idx": 0, "value": 0.0}
{"idx": 1, "value": 3.14159265358979}
{"idx": 2, "value": -3.14159265358979}
{"idx": 3, "value": 1.7976931348623157e+308}
{"idx": 4, "value": -1.7976931348623157e+308}
{"idx": 5, "value": 2.2250738585072014e-308}
{"idx": 6, "value": -2.2250738585072014e-308}
